{
  "num_variant": 163,
  "results_STAAR_O": 0.139662804253752,
  "results_STAAR_S_1_25": {
    "SKAT(1,25)": 0.1166128485852916,
    "SKAT(1,25)-Z1": 0.1601102526591216,
    "SKAT(1,25)-Z2": 0.4364709245729217,
    "SKAT(1,25)-Z3": 0.1741128434128393,
    "SKAT(1,25)-Z4": 0.1405815861462026,
    "SKAT(1,25)-Z5": 0.01639684763108555,
    "SKAT(1,25)-Z6": 0.08986114340642277,
    "SKAT(1,25)-Z7": 0.09921896254765608,
    "SKAT(1,25)-Z8": 0.1936404946090353,
    "SKAT(1,25)-Z9": 0.123161848656642,
    "SKAT(1,25)-Z10": 0.1022673890512962,
    "STAAR-S(1,25)": 0.08300035327108624
  },
  "results_STAAR_S_1_1": {
    "SKAT(1,1)": 0.3228679755587447,
    "SKAT(1,1)-Z1": 0.3686417906386821,
    "SKAT(1,1)-Z2": 0.4819574271950077,
    "SKAT(1,1)-Z3": 0.298169603716863,
    "SKAT(1,1)-Z4": 0.3134179735079046,
    "SKAT(1,1)-Z5": 0.07770813274333657,
    "SKAT(1,1)-Z6": 0.2696499814510033,
    "SKAT(1,1)-Z7": 0.2428969900655655,
    "SKAT(1,1)-Z8": 0.419726277904337,
    "SKAT(1,1)-Z9": 0.3528377964612562,
    "SKAT(1,1)-Z10": 0.3437678026359243,
    "STAAR-S(1,1)": 0.269148880210223
  },
  "results_STAAR_B_1_25": {
    "Burden(1,25)": 0.2902207248551359,
    "Burden(1,25)-Z1": 0.01799673373629983,
    "Burden(1,25)-Z2": 0.159181159788774,
    "Burden(1,25)-Z3": 0.3086078911470784,
    "Burden(1,25)-Z4": 0.2933624971068282,
    "Burden(1,25)-Z5": 0.07119198846833764,
    "Burden(1,25)-Z6": 0.4141046934796575,
    "Burden(1,25)-Z7": 0.3516650854640848,
    "Burden(1,25)-Z8": 0.08390749521570726,
    "Burden(1,25)-Z9": 0.05925655150851264,
    "Burden(1,25)-Z10": 0.4361803988019212,
    "STAAR-B(1,25)": 0.09411798637877766
  },
  "results_STAAR_B_1_1": {
    "Burden(1,1)": 0.2626764450895797,
    "Burden(1,1)-Z1": 0.04958706949458395,
    "Burden(1,1)-Z2": 0.1352590261980673,
    "Burden(1,1)-Z3": 0.2596822252095798,
    "Burden(1,1)-Z4": 0.2379869894694857,
    "Burden(1,1)-Z5": 0.05985090937334093,
    "Burden(1,1)-Z6": 0.2971681236416315,
    "Burden(1,1)-Z7": 0.4202620197751106,
    "Burden(1,1)-Z8": 0.1107615188747006,
    "Burden(1,1)-Z9": 0.07765516708112948,
    "Burden(1,1)-Z10": 0.4968101619893914,
    "STAAR-B(1,1)": 0.1340575574707259
  },
  "results_STAAR_A_1_25": {
    "ACAT-V(1,25)": 0.1746249449414302,
    "ACAT-V(1,25)-Z1": 0.1426112314437343,
    "ACAT-V(1,25)-Z2": 0.2717486032898264,
    "ACAT-V(1,25)-Z3": 0.2504665725943719,
    "ACAT-V(1,25)-Z4": 0.1581746269005418,
    "ACAT-V(1,25)-Z5": 0.09043197207254712,
    "ACAT-V(1,25)-Z6": 0.1297260672330928,
    "ACAT-V(1,25)-Z7": 0.1604130966337748,
    "ACAT-V(1,25)-Z8": 0.1572592397474369,
    "ACAT-V(1,25)-Z9": 0.1628819542380208,
    "ACAT-V(1,25)-Z10": 0.1859061062142458,
    "STAAR-A(1,25)": 0.1591613056862433
  },
  "results_STAAR_A_1_1": {
    "ACAT-V(1,1)": 0.3121148463997935,
    "ACAT-V(1,1)-Z1": 0.2657450202376282,
    "ACAT-V(1,1)-Z2": 0.3409176273635017,
    "ACAT-V(1,1)-Z3": 0.4046253962256458,
    "ACAT-V(1,1)-Z4": 0.2724552216357002,
    "ACAT-V(1,1)-Z5": 0.1299349255710477,
    "ACAT-V(1,1)-Z6": 0.2211490352899293,
    "ACAT-V(1,1)-Z7": 0.2529898877096827,
    "ACAT-V(1,1)-Z8": 0.3920806493499259,
    "ACAT-V(1,1)-Z9": 0.3514238448067335,
    "ACAT-V(1,1)-Z10": 0.4317452576163003,
    "STAAR-A(1,1)": 0.2840558295142216
  },
  "nullmodel_beta": {},
  "nullmodel_theta": {
    "dispersion": 1.041309305712684,
    "kins1": 0.9195450185856849
  }
}
