{
  "num_variant": 163,
  "results_STAAR_O": 0.1396628042746395,
  "results_STAAR_S_1_25": {
    "SKAT(1,25)": 0.1166128485852886,
    "SKAT(1,25)-Z1": 0.1601102526593519,
    "SKAT(1,25)-Z2": 0.4364709309088531,
    "SKAT(1,25)-Z3": 0.1741128434131749,
    "SKAT(1,25)-Z4": 0.1405815861463297,
    "SKAT(1,25)-Z5": 0.01639684763103908,
    "SKAT(1,25)-Z6": 0.08986114340638696,
    "SKAT(1,25)-Z7": 0.09921896254764778,
    "SKAT(1,25)-Z8": 0.1936404946097073,
    "SKAT(1,25)-Z9": 0.1231618486567058,
    "SKAT(1,25)-Z10": 0.1022673890512803,
    "STAAR-S(1,25)": 0.08300035331085875
  },
  "results_STAAR_S_1_1": {
    "SKAT(1,1)": 0.3228679755645897,
    "SKAT(1,1)-Z1": 0.3686417906733941,
    "SKAT(1,1)-Z2": 0.4819574272052256,
    "SKAT(1,1)-Z3": 0.2981696037203309,
    "SKAT(1,1)-Z4": 0.3134179735137296,
    "SKAT(1,1)-Z5": 0.07770813274335502,
    "SKAT(1,1)-Z6": 0.2696499814538443,
    "SKAT(1,1)-Z7": 0.2428969900668194,
    "SKAT(1,1)-Z8": 0.4197262788384708,
    "SKAT(1,1)-Z9": 0.3528377964769652,
    "SKAT(1,1)-Z10": 0.3437678026484176,
    "STAAR-S(1,1)": 0.2691488802669009
  },
  "results_STAAR_B_1_25": {
    "Burden(1,25)": 0.2902207248550578,
    "Burden(1,25)-Z1": 0.01799673373627502,
    "Burden(1,25)-Z2": 0.1591811597887026,
    "Burden(1,25)-Z3": 0.3086078911470405,
    "Burden(1,25)-Z4": 0.2933624971066711,
    "Burden(1,25)-Z5": 0.0711919884682943,
    "Burden(1,25)-Z6": 0.4141046934796203,
    "Burden(1,25)-Z7": 0.351665085464018,
    "Burden(1,25)-Z8": 0.08390749521560541,
    "Burden(1,25)-Z9": 0.05925655150842767,
    "Burden(1,25)-Z10": 0.436180398801922,
    "STAAR-B(1,25)": 0.09411798637867352
  },
  "results_STAAR_B_1_1": {
    "Burden(1,1)": 0.2626764450894796,
    "Burden(1,1)-Z1": 0.04958706949452935,
    "Burden(1,1)-Z2": 0.1352590261979769,
    "Burden(1,1)-Z3": 0.2596822252095315,
    "Burden(1,1)-Z4": 0.2379869894693299,
    "Burden(1,1)-Z5": 0.05985090937330976,
    "Burden(1,1)-Z6": 0.2971681236415487,
    "Burden(1,1)-Z7": 0.4202620197750635,
    "Burden(1,1)-Z8": 0.1107615188745663,
    "Burden(1,1)-Z9": 0.07765516708102177,
    "Burden(1,1)-Z10": 0.4968101619893657,
    "STAAR-B(1,1)": 0.1340575574706119
  },
  "results_STAAR_A_1_25": {
    "ACAT-V(1,25)": 0.1746249449409221,
    "ACAT-V(1,25)-Z1": 0.1426112314432572,
    "ACAT-V(1,25)-Z2": 0.2717486032894642,
    "ACAT-V(1,25)-Z3": 0.2504665725938647,
    "ACAT-V(1,25)-Z4": 0.1581746269000787,
    "ACAT-V(1,25)-Z5": 0.09043197207229101,
    "ACAT-V(1,25)-Z6": 0.1297260672327575,
    "ACAT-V(1,25)-Z7": 0.1604130966334352,
    "ACAT-V(1,25)-Z8": 0.1572592397467033,
    "ACAT-V(1,25)-Z9": 0.1628819542374215,
    "ACAT-V(1,25)-Z10": 0.1859061062136631,
    "STAAR-A(1,25)": 0.1591613056857706
  },
  "results_STAAR_A_1_1": {
    "ACAT-V(1,1)": 0.3121148463990076,
    "ACAT-V(1,1)-Z1": 0.2657450202369575,
    "ACAT-V(1,1)-Z2": 0.340917627363215,
    "ACAT-V(1,1)-Z3": 0.4046253962248632,
    "ACAT-V(1,1)-Z4": 0.2724552216350614,
    "ACAT-V(1,1)-Z5": 0.129934925570731,
    "ACAT-V(1,1)-Z6": 0.2211490352894699,
    "ACAT-V(1,1)-Z7": 0.2529898877091902,
    "ACAT-V(1,1)-Z8": 0.3920806493483183,
    "ACAT-V(1,1)-Z9": 0.3514238448054701,
    "ACAT-V(1,1)-Z10": 0.43174525761523,
    "STAAR-A(1,1)": 0.2840558295134876
  },
  "nullmodel_beta": {},
  "nullmodel_theta": {
    "dispersion": 1.041309305712744,
    "kins1": 0.9195450185855097
  }
}
