{
  "num_variant": 163,
  "results_STAAR_O": 0.0232616103593104,
  "results_STAAR_S_1_25": {
    "SKAT(1,25)": 0.03015079590994232,
    "SKAT(1,25)-Z1": 0.03091735943833513,
    "SKAT(1,25)-Z2": 0.1713277579607168,
    "SKAT(1,25)-Z3": 0.208842687865414,
    "SKAT(1,25)-Z4": 0.02198787540448603,
    "SKAT(1,25)-Z5": 0.008710947589484604,
    "SKAT(1,25)-Z6": 0.07491833055457375,
    "SKAT(1,25)-Z7": 0.02844223842430007,
    "SKAT(1,25)-Z8": 0.04079001774329841,
    "SKAT(1,25)-Z9": 0.02842728109663312,
    "SKAT(1,25)-Z10": 0.02408603343873228,
    "STAAR-S(1,25)": 0.02857635732261543
  },
  "results_STAAR_S_1_1": {
    "SKAT(1,1)": 0.1713718221146636,
    "SKAT(1,1)-Z1": 0.1768050697889759,
    "SKAT(1,1)-Z2": 0.3344560858225187,
    "SKAT(1,1)-Z3": 0.3854443574245049,
    "SKAT(1,1)-Z4": 0.1686129599004399,
    "SKAT(1,1)-Z5": 0.06229304535574382,
    "SKAT(1,1)-Z6": 0.2652119232661616,
    "SKAT(1,1)-Z7": 0.07949525566547348,
    "SKAT(1,1)-Z8": 0.21477530985302,
    "SKAT(1,1)-Z9": 0.1771679750210452,
    "SKAT(1,1)-Z10": 0.1884712481961631,
    "STAAR-S(1,1)": 0.1589903600643269
  },
  "results_STAAR_B_1_25": {
    "Burden(1,25)": 0.09460328933048941,
    "Burden(1,25)-Z1": 0.001453271556152591,
    "Burden(1,25)-Z2": 0.03134665600038498,
    "Burden(1,25)-Z3": 0.07967046435148753,
    "Burden(1,25)-Z4": 0.07481656853177517,
    "Burden(1,25)-Z5": 0.03658445375615704,
    "Burden(1,25)-Z6": 0.1509567170844808,
    "Burden(1,25)-Z7": 0.08420074490569301,
    "Burden(1,25)-Z8": 0.05429745125906516,
    "Burden(1,25)-Z9": 0.005398202211042165,
    "Burden(1,25)-Z10": 0.1116488895568009,
    "STAAR-B(1,25)": 0.01085948750148757
  },
  "results_STAAR_B_1_1": {
    "Burden(1,1)": 0.1165331856201021,
    "Burden(1,1)-Z1": 0.0148015508053829,
    "Burden(1,1)-Z2": 0.0427755019352235,
    "Burden(1,1)-Z3": 0.06658169448731846,
    "Burden(1,1)-Z4": 0.09752930934725128,
    "Burden(1,1)-Z5": 0.03803504499135933,
    "Burden(1,1)-Z6": 0.1304439457381438,
    "Burden(1,1)-Z7": 0.120602890124576,
    "Burden(1,1)-Z8": 0.1080354073613297,
    "Burden(1,1)-Z9": 0.01285955683832295,
    "Burden(1,1)-Z10": 0.2734771909159949,
    "STAAR-B(1,1)": 0.04299419655420134
  },
  "results_STAAR_A_1_25": {
    "ACAT-V(1,25)": 0.0179959178440719,
    "ACAT-V(1,25)-Z1": 0.02145627564770794,
    "ACAT-V(1,25)-Z2": 0.01730363439142198,
    "ACAT-V(1,25)-Z3": 0.03033393489473082,
    "ACAT-V(1,25)-Z4": 0.012106050967168,
    "ACAT-V(1,25)-Z5": 0.01243005215993499,
    "ACAT-V(1,25)-Z6": 0.01163103873779044,
    "ACAT-V(1,25)-Z7": 0.01181600460972472,
    "ACAT-V(1,25)-Z8": 0.01397899235275874,
    "ACAT-V(1,25)-Z9": 0.01385829962980584,
    "ACAT-V(1,25)-Z10": 0.01091185095759491,
    "STAAR-A(1,25)": 0.01443792201411809
  },
  "results_STAAR_A_1_1": {
    "ACAT-V(1,1)": 0.03751398147741937,
    "ACAT-V(1,1)-Z1": 0.05027488899573607,
    "ACAT-V(1,1)-Z2": 0.04210115043418393,
    "ACAT-V(1,1)-Z3": 0.05434749754321538,
    "ACAT-V(1,1)-Z4": 0.02714696696400131,
    "ACAT-V(1,1)-Z5": 0.02180197035408738,
    "ACAT-V(1,1)-Z6": 0.02687315218699586,
    "ACAT-V(1,1)-Z7": 0.02109192200825139,
    "ACAT-V(1,1)-Z8": 0.03299307459037487,
    "ACAT-V(1,1)-Z9": 0.02869304256614219,
    "ACAT-V(1,1)-Z10": 0.02714452655883537,
    "STAAR-A(1,1)": 0.0307329112461675
  },
  "nullmodel_beta": {},
  "nullmodel_dispersion": []
}
